{
    "Altitude": {
                    "ALT_AGL_FT": {
                                          "category": "Altitude",
                                      "control_type": "metadata",
                                       "description": "Altitude AGL (ft)",
                                        "identifier": "ALT_AGL_FT",
                                            "inputs": [  ],
                                           "outputs": [ {
                                                                                "address": 1126,
                                                                     "address_identifier": "CommonData_ALT_AGL_FT_A",
                                                          "address_mask_shift_identifier": "CommonData_ALT_AGL_FT",
                                                                            "description": "Altitude AGL (ft)",
                                                                                   "mask": 65535,
                                                                              "max_value": 65535,
                                                                               "shift_by": 0,
                                                                                 "suffix": "",
                                                                                   "type": "integer"
                                                      } ]
                                  },
                    "ALT_MSL_FT": {
                                          "category": "Altitude",
                                      "control_type": "metadata",
                                       "description": "Altitude MSL (ft)",
                                        "identifier": "ALT_MSL_FT",
                                            "inputs": [  ],
                                           "outputs": [ {
                                                                                "address": 1076,
                                                                     "address_identifier": "CommonData_ALT_MSL_FT_A",
                                                          "address_mask_shift_identifier": "CommonData_ALT_MSL_FT",
                                                                            "description": "Altitude MSL (ft)",
                                                                                   "mask": 65535,
                                                                              "max_value": 65535,
                                                                               "shift_by": 0,
                                                                                 "suffix": "",
                                                                                   "type": "integer"
                                                      } ]
                                  }
                },
     "Heading": {
                     "BRG_PNT_RAD": {
                                            "category": "Heading",
                                        "control_type": "display",
                                         "description": "Bearing Pointer (Radians)",
                                          "identifier": "BRG_PNT_RAD",
                                              "inputs": [  ],
                                             "outputs": [ {
                                                                       "address": 1454,
                                                            "address_identifier": "CommonData_BRG_PNT_RAD_A",
                                                                   "description": "Bearing Pointer (Radians)",
                                                                    "max_length": 24,
                                                                        "suffix": "",
                                                                          "type": "string"
                                                        } ]
                                    },
                         "HDG_DEG": {
                                            "category": "Heading",
                                        "control_type": "metadata",
                                         "description": "Heading (Degrees)",
                                          "identifier": "HDG_DEG",
                                              "inputs": [  ],
                                             "outputs": [ {
                                                                                  "address": 1078,
                                                            "address_mask_shift_identifier": "CommonData_HDG_DEG",
                                                                              "description": "Heading (Degrees)",
                                                                                     "mask": 511,
                                                                                "max_value": 360,
                                                                                 "shift_by": 0,
                                                                                   "suffix": "",
                                                                                     "type": "integer"
                                                        } ]
                                    },
                    "HDG_DEG_FRAC": {
                                            "category": "Heading",
                                        "control_type": "metadata",
                                         "description": "Heading (Fractional Degrees, divide by 127)",
                                          "identifier": "HDG_DEG_FRAC",
                                              "inputs": [  ],
                                             "outputs": [ {
                                                                                  "address": 1078,
                                                            "address_mask_shift_identifier": "CommonData_HDG_DEG_FRAC",
                                                                              "description": "Heading (Fractional Degrees, divide by 127)",
                                                                                     "mask": 65024,
                                                                                "max_value": 127,
                                                                                 "shift_by": 9,
                                                                                   "suffix": "",
                                                                                     "type": "integer"
                                                        } ]
                                    },
                     "HDG_DEG_MAG": {
                                            "category": "Heading",
                                        "control_type": "metadata",
                                         "description": "Magnetic Heading",
                                          "identifier": "HDG_DEG_MAG",
                                              "inputs": [  ],
                                             "outputs": [ {
                                                                                  "address": 1124,
                                                            "address_mask_shift_identifier": "CommonData_HDG_DEG_MAG",
                                                                              "description": "Magnetic Heading",
                                                                                     "mask": 511,
                                                                                "max_value": 359,
                                                                                 "shift_by": 0,
                                                                                   "suffix": "",
                                                                                     "type": "integer"
                                                        } ]
                                    },
                     "HDG_PNT_RAD": {
                                            "category": "Heading",
                                        "control_type": "display",
                                         "description": "Heading Pointer (Radians)",
                                          "identifier": "HDG_PNT_RAD",
                                              "inputs": [  ],
                                             "outputs": [ {
                                                                       "address": 1430,
                                                            "address_identifier": "CommonData_HDG_PNT_RAD_A",
                                                                   "description": "Heading Pointer (Radians)",
                                                                    "max_length": 24,
                                                                        "suffix": "",
                                                                          "type": "string"
                                                        } ]
                                    },
                         "HDG_RAD": {
                                            "category": "Heading",
                                        "control_type": "display",
                                         "description": "Heading (Radians)",
                                          "identifier": "HDG_RAD",
                                              "inputs": [  ],
                                             "outputs": [ {
                                                                       "address": 1478,
                                                            "address_identifier": "CommonData_HDG_RAD_A",
                                                                   "description": "Heading (Radians)",
                                                                    "max_length": 24,
                                                                        "suffix": "",
                                                                          "type": "string"
                                                        } ]
                                    }
                },
    "Metadata": {
                          "ACTIVE_WP": {
                                               "category": "Metadata",
                                           "control_type": "metadata",
                                            "description": "Has an active waypoint",
                                             "identifier": "ACTIVE_WP",
                                                 "inputs": [  ],
                                                "outputs": [ {
                                                                                     "address": 1054,
                                                                     "address_mask_identifier": "CommonData_ACTIVE_WP_AM",
                                                               "address_mask_shift_identifier": "CommonData_ACTIVE_WP",
                                                                                 "description": "Has an active waypoint",
                                                                                        "mask": 32768,
                                                                                   "max_value": 1,
                                                                                    "shift_by": 15,
                                                                                      "suffix": "",
                                                                                        "type": "integer"
                                                           } ]
                                       },
                          "ADF_AVAIL": {
                                               "category": "Metadata",
                                           "control_type": "metadata",
                                            "description": "Is ADF available?",
                                             "identifier": "ADF_AVAIL",
                                                 "inputs": [  ],
                                                "outputs": [ {
                                                                                     "address": 1056,
                                                                     "address_mask_identifier": "CommonData_ADF_AVAIL_AM",
                                                               "address_mask_shift_identifier": "CommonData_ADF_AVAIL",
                                                                                 "description": "Is ADF available?",
                                                                                        "mask": 16384,
                                                                                   "max_value": 1,
                                                                                    "shift_by": 14,
                                                                                      "suffix": "",
                                                                                        "type": "integer"
                                                           } ]
                                       },
                            "ADF_RAD": {
                                               "category": "Metadata",
                                           "control_type": "display",
                                            "description": "Automatic Direction Finder (Radians)",
                                             "identifier": "ADF_RAD",
                                                 "inputs": [  ],
                                                "outputs": [ {
                                                                          "address": 1334,
                                                               "address_identifier": "CommonData_ADF_RAD_A",
                                                                      "description": "Automatic Direction Finder (Radians)",
                                                                       "max_length": 24,
                                                                           "suffix": "",
                                                                             "type": "string"
                                                           } ]
                                       },
                         "COURSE_RAD": {
                                               "category": "Metadata",
                                           "control_type": "display",
                                            "description": "Course Magnetic (Radians)",
                                             "identifier": "COURSE_RAD",
                                                 "inputs": [  ],
                                                "outputs": [ {
                                                                          "address": 1382,
                                                               "address_identifier": "CommonData_COURSE_RAD_A",
                                                                      "description": "Course Magnetic (Radians)",
                                                                       "max_length": 24,
                                                                           "suffix": "",
                                                                             "type": "string"
                                                           } ]
                                       },
                    "COURSE_TRUE_RAD": {
                                               "category": "Metadata",
                                           "control_type": "display",
                                            "description": "Course True (Radians)",
                                             "identifier": "COURSE_TRUE_RAD",
                                                 "inputs": [  ],
                                                "outputs": [ {
                                                                          "address": 1406,
                                                               "address_identifier": "CommonData_COURSE_TRUE_RAD_A",
                                                                      "description": "Course True (Radians)",
                                                                       "max_length": 24,
                                                                           "suffix": "",
                                                                             "type": "string"
                                                           } ]
                                       },
                        "CRS_DEV_RAD": {
                                               "category": "Metadata",
                                           "control_type": "display",
                                            "description": "Course Deviation (Radians)",
                                             "identifier": "CRS_DEV_RAD",
                                                 "inputs": [  ],
                                                "outputs": [ {
                                                                          "address": 1502,
                                                               "address_identifier": "CommonData_CRS_DEV_RAD_A",
                                                                      "description": "Course Deviation (Radians)",
                                                                       "max_length": 24,
                                                                           "suffix": "",
                                                                             "type": "string"
                                                           } ]
                                       },
                        "CRS_TRK_ERR": {
                                               "category": "Metadata",
                                           "control_type": "display",
                                            "description": "Cross Track Error (Meters)",
                                             "identifier": "CRS_TRK_ERR",
                                                 "inputs": [  ],
                                                "outputs": [ {
                                                                          "address": 1526,
                                                               "address_identifier": "CommonData_CRS_TRK_ERR_A",
                                                                      "description": "Cross Track Error (Meters)",
                                                                       "max_length": 24,
                                                                           "suffix": "",
                                                                             "type": "string"
                                                           } ]
                                       },
                           "DCS_BIOS": {
                                               "category": "Metadata",
                                           "control_type": "display",
                                            "description": "DCS Bios Version",
                                             "identifier": "DCS_BIOS",
                                                 "inputs": [  ],
                                                "outputs": [ {
                                                                          "address": 1024,
                                                               "address_identifier": "CommonData_DCS_BIOS_A",
                                                                      "description": "DCS Bios Version",
                                                                       "max_length": 6,
                                                                           "suffix": "",
                                                                             "type": "string"
                                                           } ]
                                       },
                        "ENGINE_TYPE": {
                                               "category": "Metadata",
                                           "control_type": "display",
                                            "description": "Engine Type (Jet, Piston, Turboprop, Unknown)",
                                             "identifier": "ENGINE_TYPE",
                                                 "inputs": [  ],
                                                "outputs": [ {
                                                                          "address": 1574,
                                                               "address_identifier": "CommonData_ENGINE_TYPE_A",
                                                                      "description": "Engine Type (Jet, Piston, Turboprop, Unknown)",
                                                                       "max_length": 10,
                                                                           "suffix": "",
                                                                             "type": "string"
                                                           } ]
                                       },
                      "IS_HELICOPTER": {
                                               "category": "Metadata",
                                           "control_type": "metadata",
                                            "description": "Is helicopter or fixed-wing?",
                                             "identifier": "IS_HELICOPTER",
                                                 "inputs": [  ],
                                                "outputs": [ {
                                                                                     "address": 1072,
                                                                     "address_mask_identifier": "CommonData_IS_HELICOPTER_AM",
                                                               "address_mask_shift_identifier": "CommonData_IS_HELICOPTER",
                                                                                 "description": "Is helicopter or fixed-wing?",
                                                                                        "mask": 32768,
                                                                                   "max_value": 1,
                                                                                    "shift_by": 15,
                                                                                      "suffix": "",
                                                                                        "type": "integer"
                                                           } ]
                                       },
                           "KOHLSMAN": {
                                               "category": "Metadata",
                                           "control_type": "display",
                                            "description": "Atmosphere Pressure (mmHg)",
                                             "identifier": "KOHLSMAN",
                                                 "inputs": [  ],
                                                "outputs": [ {
                                                                          "address": 1140,
                                                               "address_identifier": "CommonData_KOHLSMAN_A",
                                                                      "description": "Atmosphere Pressure (mmHg)",
                                                                       "max_length": 24,
                                                                           "suffix": "",
                                                                             "type": "string"
                                                           } ]
                                       },
                          "ON_GROUND": {
                                               "category": "Metadata",
                                           "control_type": "metadata",
                                            "description": "Is aircraft on the ground or not?",
                                             "identifier": "ON_GROUND",
                                                 "inputs": [  ],
                                                "outputs": [ {
                                                                                     "address": 1072,
                                                                     "address_mask_identifier": "CommonData_ON_GROUND_AM",
                                                               "address_mask_shift_identifier": "CommonData_ON_GROUND",
                                                                                 "description": "Is aircraft on the ground or not?",
                                                                                        "mask": 16384,
                                                                                   "max_value": 1,
                                                                                    "shift_by": 14,
                                                                                      "suffix": "",
                                                                                        "type": "integer"
                                                           } ]
                                       },
                          "PILOTNAME": {
                                               "category": "Metadata",
                                           "control_type": "display",
                                            "description": "Pilot Name",
                                             "identifier": "PILOTNAME",
                                                 "inputs": [  ],
                                                "outputs": [ {
                                                                          "address": 1030,
                                                               "address_identifier": "CommonData_PILOTNAME_A",
                                                                      "description": "Pilot Name",
                                                                       "max_length": 24,
                                                                           "suffix": "",
                                                                             "type": "string"
                                                           } ]
                                       },
                          "RMI_AVAIL": {
                                               "category": "Metadata",
                                           "control_type": "metadata",
                                            "description": "Is RMI available?",
                                             "identifier": "RMI_AVAIL",
                                                 "inputs": [  ],
                                                "outputs": [ {
                                                                                     "address": 1056,
                                                                     "address_mask_identifier": "CommonData_RMI_AVAIL_AM",
                                                               "address_mask_shift_identifier": "CommonData_RMI_AVAIL",
                                                                                 "description": "Is RMI available?",
                                                                                        "mask": 32768,
                                                                                   "max_value": 1,
                                                                                    "shift_by": 15,
                                                                                      "suffix": "",
                                                                                        "type": "integer"
                                                           } ]
                                       },
                            "RMI_RAD": {
                                               "category": "Metadata",
                                           "control_type": "display",
                                            "description": "Radio Magnetic Indicator (Radians)",
                                             "identifier": "RMI_RAD",
                                                 "inputs": [  ],
                                                "outputs": [ {
                                                                          "address": 1358,
                                                               "address_identifier": "CommonData_RMI_RAD_A",
                                                                      "description": "Radio Magnetic Indicator (Radians)",
                                                                       "max_length": 24,
                                                                           "suffix": "",
                                                                             "type": "string"
                                                           } ]
                                       },
                        "TEMPERATURE": {
                                               "category": "Metadata",
                                           "control_type": "display",
                                            "description": "Ambient Temperature (Celcius)",
                                             "identifier": "TEMPERATURE",
                                                 "inputs": [  ],
                                                "outputs": [ {
                                                                          "address": 1550,
                                                               "address_identifier": "CommonData_TEMPERATURE_A",
                                                                      "description": "Ambient Temperature (Celcius)",
                                                                       "max_length": 24,
                                                                           "suffix": "",
                                                                             "type": "string"
                                                           } ]
                                       },
                       "WIND_DIR_DEG": {
                                               "category": "Metadata",
                                           "control_type": "display",
                                            "description": "Wind Direction (Degrees)",
                                             "identifier": "WIND_DIR_DEG",
                                                 "inputs": [  ],
                                                "outputs": [ {
                                                                          "address": 1188,
                                                               "address_identifier": "CommonData_WIND_DIR_DEG_A",
                                                                      "description": "Wind Direction (Degrees)",
                                                                       "max_length": 24,
                                                                           "suffix": "",
                                                                             "type": "string"
                                                           } ]
                                       },
                       "WIND_DIR_RAD": {
                                               "category": "Metadata",
                                           "control_type": "display",
                                            "description": "Wind Direction (Radians)",
                                             "identifier": "WIND_DIR_RAD",
                                                 "inputs": [  ],
                                                "outputs": [ {
                                                                          "address": 1164,
                                                               "address_identifier": "CommonData_WIND_DIR_RAD_A",
                                                                      "description": "Wind Direction (Radians)",
                                                                       "max_length": 24,
                                                                           "suffix": "",
                                                                             "type": "string"
                                                           } ]
                                       },
                         "WIND_SPEED": {
                                               "category": "Metadata",
                                           "control_type": "display",
                                            "description": "Wind Speed (m/sec)",
                                             "identifier": "WIND_SPEED",
                                                 "inputs": [  ],
                                                "outputs": [ {
                                                                          "address": 1212,
                                                               "address_identifier": "CommonData_WIND_SPEED_A",
                                                                      "description": "Wind Speed (m/sec)",
                                                                       "max_length": 24,
                                                                           "suffix": "",
                                                                             "type": "string"
                                                           } ]
                                       }
                },
    "Position": {
                        "LATITUDE": {
                                            "category": "Position",
                                        "control_type": "display",
                                         "description": "Latitude",
                                          "identifier": "LATITUDE",
                                              "inputs": [  ],
                                             "outputs": [ {
                                                                       "address": 1236,
                                                            "address_identifier": "CommonData_LATITUDE_A",
                                                                   "description": "Latitude",
                                                                    "max_length": 24,
                                                                        "suffix": "",
                                                                          "type": "string"
                                                        } ]
                                    },
                         "LAT_DEG": {
                                            "category": "Position",
                                        "control_type": "metadata",
                                         "description": "Latitude Degrees",
                                          "identifier": "LAT_DEG",
                                              "inputs": [  ],
                                             "outputs": [ {
                                                                                  "address": 1054,
                                                            "address_mask_shift_identifier": "CommonData_LAT_DEG",
                                                                              "description": "Latitude Degrees",
                                                                                     "mask": 32512,
                                                                                "max_value": 90,
                                                                                 "shift_by": 8,
                                                                                   "suffix": "",
                                                                                     "type": "integer"
                                                        } ]
                                    },
                         "LAT_SEC": {
                                            "category": "Position",
                                        "control_type": "metadata",
                                         "description": "Latitude Seconds",
                                          "identifier": "LAT_SEC",
                                              "inputs": [  ],
                                             "outputs": [ {
                                                                                  "address": 1056,
                                                            "address_mask_shift_identifier": "CommonData_LAT_SEC",
                                                                              "description": "Latitude Seconds",
                                                                                     "mask": 63,
                                                                                "max_value": 59,
                                                                                 "shift_by": 0,
                                                                                   "suffix": "",
                                                                                     "type": "integer"
                                                        } ]
                                    },
                    "LAT_SEC_FRAC": {
                                            "category": "Position",
                                        "control_type": "metadata",
                                         "description": "Latitude Fractional Seconds (divide by 65535)",
                                          "identifier": "LAT_SEC_FRAC",
                                              "inputs": [  ],
                                             "outputs": [ {
                                                                                  "address": 1058,
                                                                       "address_identifier": "CommonData_LAT_SEC_FRAC_A",
                                                            "address_mask_shift_identifier": "CommonData_LAT_SEC_FRAC",
                                                                              "description": "Latitude Fractional Seconds (divide by 65535)",
                                                                                     "mask": 65535,
                                                                                "max_value": 65535,
                                                                                 "shift_by": 0,
                                                                                   "suffix": "",
                                                                                     "type": "integer"
                                                        } ]
                                    },
                       "LAT_Z_DIR": {
                                            "category": "Position",
                                        "control_type": "display",
                                         "description": "Latitude Direction",
                                          "identifier": "LAT_Z_DIR",
                                              "inputs": [  ],
                                             "outputs": [ {
                                                                       "address": 1054,
                                                            "address_identifier": "CommonData_LAT_Z_DIR_A",
                                                                   "description": "Latitude Direction",
                                                                    "max_length": 1,
                                                                        "suffix": "",
                                                                          "type": "string"
                                                        } ]
                                    },
                       "LONGITUDE": {
                                            "category": "Position",
                                        "control_type": "display",
                                         "description": "Longitude",
                                          "identifier": "LONGITUDE",
                                              "inputs": [  ],
                                             "outputs": [ {
                                                                       "address": 1260,
                                                            "address_identifier": "CommonData_LONGITUDE_A",
                                                                   "description": "Longitude",
                                                                    "max_length": 24,
                                                                        "suffix": "",
                                                                          "type": "string"
                                                        } ]
                                    },
                         "LON_DEG": {
                                            "category": "Position",
                                        "control_type": "metadata",
                                         "description": "Longitude Degrees",
                                          "identifier": "LON_DEG",
                                              "inputs": [  ],
                                             "outputs": [ {
                                                                                  "address": 1056,
                                                            "address_mask_shift_identifier": "CommonData_LON_DEG",
                                                                              "description": "Longitude Degrees",
                                                                                     "mask": 16320,
                                                                                "max_value": 180,
                                                                                 "shift_by": 6,
                                                                                   "suffix": "",
                                                                                     "type": "integer"
                                                        } ]
                                    },
                         "LON_SEC": {
                                            "category": "Position",
                                        "control_type": "metadata",
                                         "description": "Longitude Seconds",
                                          "identifier": "LON_SEC",
                                              "inputs": [  ],
                                             "outputs": [ {
                                                                                  "address": 1072,
                                                            "address_mask_shift_identifier": "CommonData_LON_SEC",
                                                                              "description": "Longitude Seconds",
                                                                                     "mask": 16128,
                                                                                "max_value": 59,
                                                                                 "shift_by": 8,
                                                                                   "suffix": "",
                                                                                     "type": "integer"
                                                        } ]
                                    },
                    "LON_SEC_FRAC": {
                                            "category": "Position",
                                        "control_type": "metadata",
                                         "description": "Longitude Fractional Seconds (divide by 65535)",
                                          "identifier": "LON_SEC_FRAC",
                                              "inputs": [  ],
                                             "outputs": [ {
                                                                                  "address": 1074,
                                                                       "address_identifier": "CommonData_LON_SEC_FRAC_A",
                                                            "address_mask_shift_identifier": "CommonData_LON_SEC_FRAC",
                                                                              "description": "Longitude Fractional Seconds (divide by 65535)",
                                                                                     "mask": 65535,
                                                                                "max_value": 65535,
                                                                                 "shift_by": 0,
                                                                                   "suffix": "",
                                                                                     "type": "integer"
                                                        } ]
                                    },
                       "LON_Z_DIR": {
                                            "category": "Position",
                                        "control_type": "display",
                                         "description": "Longitude Direction",
                                          "identifier": "LON_Z_DIR",
                                              "inputs": [  ],
                                             "outputs": [ {
                                                                       "address": 1072,
                                                            "address_identifier": "CommonData_LON_Z_DIR_A",
                                                                   "description": "Longitude Direction",
                                                                    "max_length": 1,
                                                                        "suffix": "",
                                                                          "type": "string"
                                                        } ]
                                    },
                        "POSITION": {
                                            "category": "Position",
                                        "control_type": "display",
                                         "description": "Latitude and Longitude",
                                          "identifier": "POSITION",
                                              "inputs": [  ],
                                             "outputs": [ {
                                                                       "address": 1284,
                                                            "address_identifier": "CommonData_POSITION_A",
                                                                   "description": "Latitude and Longitude",
                                                                    "max_length": 49,
                                                                        "suffix": "",
                                                                          "type": "string"
                                                        } ]
                                    }
                },
       "Speed": {
                    "ANGULAR_VELOCITY_X": {
                                                  "category": "Speed",
                                              "control_type": "display",
                                               "description": "Angular X Velocity",
                                                "identifier": "ANGULAR_VELOCITY_X",
                                                    "inputs": [  ],
                                                   "outputs": [ {
                                                                             "address": 1106,
                                                                  "address_identifier": "CommonData_ANGULAR_VELOCITY_X_A",
                                                                         "description": "Angular X Velocity",
                                                                          "max_length": 6,
                                                                              "suffix": "",
                                                                                "type": "string"
                                                              } ]
                                          },
                    "ANGULAR_VELOCITY_Y": {
                                                  "category": "Speed",
                                              "control_type": "display",
                                               "description": "Angular Y Velocity",
                                                "identifier": "ANGULAR_VELOCITY_Y",
                                                    "inputs": [  ],
                                                   "outputs": [ {
                                                                             "address": 1112,
                                                                  "address_identifier": "CommonData_ANGULAR_VELOCITY_Y_A",
                                                                         "description": "Angular Y Velocity",
                                                                          "max_length": 6,
                                                                              "suffix": "",
                                                                                "type": "string"
                                                              } ]
                                          },
                    "ANGULAR_VELOCITY_Z": {
                                                  "category": "Speed",
                                              "control_type": "display",
                                               "description": "Angular Z Velocity",
                                                "identifier": "ANGULAR_VELOCITY_Z",
                                                    "inputs": [  ],
                                                   "outputs": [ {
                                                                             "address": 1118,
                                                                  "address_identifier": "CommonData_ANGULAR_VELOCITY_Z_A",
                                                                         "description": "Angular Z Velocity",
                                                                          "max_length": 6,
                                                                              "suffix": "",
                                                                                "type": "string"
                                                              } ]
                                          },
                              "GRNDS_EU": {
                                                  "category": "Speed",
                                              "control_type": "display",
                                               "description": "Ground Speed KM H",
                                                "identifier": "GRNDS_EU",
                                                    "inputs": [  ],
                                                   "outputs": [ {
                                                                             "address": 1588,
                                                                  "address_identifier": "CommonData_GRNDS_EU_A",
                                                                         "description": "Ground Speed KM H",
                                                                          "max_length": 4,
                                                                              "suffix": "",
                                                                                "type": "string"
                                                              } ]
                                          },
                              "GRNDS_US": {
                                                  "category": "Speed",
                                              "control_type": "display",
                                               "description": "Ground Speed KNT",
                                                "identifier": "GRNDS_US",
                                                    "inputs": [  ],
                                                   "outputs": [ {
                                                                             "address": 1584,
                                                                  "address_identifier": "CommonData_GRNDS_US_A",
                                                                         "description": "Ground Speed KNT",
                                                                          "max_length": 4,
                                                                              "suffix": "",
                                                                                "type": "string"
                                                              } ]
                                          },
                                "G_LOAD": {
                                                  "category": "Speed",
                                              "control_type": "display",
                                               "description": "G Load",
                                                "identifier": "G_LOAD",
                                                    "inputs": [  ],
                                                   "outputs": [ {
                                                                             "address": 1102,
                                                                  "address_identifier": "CommonData_G_LOAD_A",
                                                                         "description": "G Load",
                                                                          "max_length": 4,
                                                                              "suffix": "",
                                                                                "type": "string"
                                                              } ]
                                          },
                                "IAS_EU": {
                                                  "category": "Speed",
                                              "control_type": "display",
                                               "description": "Indicated Airspeed KM H",
                                                "identifier": "IAS_EU",
                                                    "inputs": [  ],
                                                   "outputs": [ {
                                                                             "address": 1060,
                                                                  "address_identifier": "CommonData_IAS_EU_A",
                                                                         "description": "Indicated Airspeed KM H",
                                                                          "max_length": 4,
                                                                              "suffix": "",
                                                                                "type": "string"
                                                              } ]
                                          },
                            "IAS_EU_INT": {
                                                  "category": "Speed",
                                              "control_type": "metadata",
                                               "description": "Indicated Airspeed KM H (Int)",
                                                "identifier": "IAS_EU_INT",
                                                    "inputs": [  ],
                                                   "outputs": [ {
                                                                                        "address": 1068,
                                                                             "address_identifier": "CommonData_IAS_EU_INT_A",
                                                                  "address_mask_shift_identifier": "CommonData_IAS_EU_INT",
                                                                                    "description": "Indicated Airspeed KM H (Int)",
                                                                                           "mask": 65535,
                                                                                      "max_value": 65535,
                                                                                       "shift_by": 0,
                                                                                         "suffix": "",
                                                                                           "type": "integer"
                                                              } ]
                                          },
                                "IAS_US": {
                                                  "category": "Speed",
                                              "control_type": "display",
                                               "description": "Indicated Airspeed KNT",
                                                "identifier": "IAS_US",
                                                    "inputs": [  ],
                                                   "outputs": [ {
                                                                             "address": 1064,
                                                                  "address_identifier": "CommonData_IAS_US_A",
                                                                         "description": "Indicated Airspeed KNT",
                                                                          "max_length": 4,
                                                                              "suffix": "",
                                                                                "type": "string"
                                                              } ]
                                          },
                            "IAS_US_INT": {
                                                  "category": "Speed",
                                              "control_type": "metadata",
                                               "description": "Indicated Airspeed KNT (Int)",
                                                "identifier": "IAS_US_INT",
                                                    "inputs": [  ],
                                                   "outputs": [ {
                                                                                        "address": 1070,
                                                                             "address_identifier": "CommonData_IAS_US_INT_A",
                                                                  "address_mask_shift_identifier": "CommonData_IAS_US_INT",
                                                                                    "description": "Indicated Airspeed KNT (Int)",
                                                                                           "mask": 65535,
                                                                                      "max_value": 65535,
                                                                                       "shift_by": 0,
                                                                                         "suffix": "",
                                                                                           "type": "integer"
                                                              } ]
                                          },
                                "TAS_EU": {
                                                  "category": "Speed",
                                              "control_type": "display",
                                               "description": "True Airspeed KM H",
                                                "identifier": "TAS_EU",
                                                    "inputs": [  ],
                                                   "outputs": [ {
                                                                             "address": 1128,
                                                                  "address_identifier": "CommonData_TAS_EU_A",
                                                                         "description": "True Airspeed KM H",
                                                                          "max_length": 4,
                                                                              "suffix": "",
                                                                                "type": "string"
                                                              } ]
                                          },
                            "TAS_EU_INT": {
                                                  "category": "Speed",
                                              "control_type": "metadata",
                                               "description": "True Airspeed KM H (Int)",
                                                "identifier": "TAS_EU_INT",
                                                    "inputs": [  ],
                                                   "outputs": [ {
                                                                                        "address": 1136,
                                                                             "address_identifier": "CommonData_TAS_EU_INT_A",
                                                                  "address_mask_shift_identifier": "CommonData_TAS_EU_INT",
                                                                                    "description": "True Airspeed KM H (Int)",
                                                                                           "mask": 65535,
                                                                                      "max_value": 65535,
                                                                                       "shift_by": 0,
                                                                                         "suffix": "",
                                                                                           "type": "integer"
                                                              } ]
                                          },
                                "TAS_US": {
                                                  "category": "Speed",
                                              "control_type": "display",
                                               "description": "True Airspeed KNT",
                                                "identifier": "TAS_US",
                                                    "inputs": [  ],
                                                   "outputs": [ {
                                                                             "address": 1132,
                                                                  "address_identifier": "CommonData_TAS_US_A",
                                                                         "description": "True Airspeed KNT",
                                                                          "max_length": 4,
                                                                              "suffix": "",
                                                                                "type": "string"
                                                              } ]
                                          },
                            "TAS_US_INT": {
                                                  "category": "Speed",
                                              "control_type": "metadata",
                                               "description": "True Airspeed KNT (Int)",
                                                "identifier": "TAS_US_INT",
                                                    "inputs": [  ],
                                                   "outputs": [ {
                                                                                        "address": 1138,
                                                                             "address_identifier": "CommonData_TAS_US_INT_A",
                                                                  "address_mask_shift_identifier": "CommonData_TAS_US_INT",
                                                                                    "description": "True Airspeed KNT (Int)",
                                                                                           "mask": 65535,
                                                                                      "max_value": 65535,
                                                                                       "shift_by": 0,
                                                                                         "suffix": "",
                                                                                           "type": "integer"
                                                              } ]
                                          }
                },
        "Time": {
                          "MISS_TIME": {
                                               "category": "Time",
                                           "control_type": "display",
                                            "description": "Mission Start Time",
                                             "identifier": "MISS_TIME",
                                                 "inputs": [  ],
                                                "outputs": [ {
                                                                          "address": 1080,
                                                               "address_identifier": "CommonData_MISS_TIME_A",
                                                                      "description": "Mission Start Time",
                                                                       "max_length": 8,
                                                                           "suffix": "",
                                                                             "type": "string"
                                                           } ]
                                       },
                           "MOD_TIME": {
                                               "category": "Time",
                                           "control_type": "display",
                                            "description": "Model Time in sec",
                                             "identifier": "MOD_TIME",
                                                 "inputs": [  ],
                                                "outputs": [ {
                                                                          "address": 1088,
                                                               "address_identifier": "CommonData_MOD_TIME_A",
                                                                      "description": "Model Time in sec",
                                                                       "max_length": 6,
                                                                           "suffix": "",
                                                                             "type": "string"
                                                           } ]
                                       },
                    "TIME_MODEL_HIGH": {
                                               "category": "Time",
                                           "control_type": "metadata",
                                            "description": "Model time high bits in hundredth of a second",
                                             "identifier": "TIME_MODEL_HIGH",
                                                 "inputs": [  ],
                                                "outputs": [ {
                                                                                     "address": 1098,
                                                                          "address_identifier": "CommonData_TIME_MODEL_HIGH_A",
                                                               "address_mask_shift_identifier": "CommonData_TIME_MODEL_HIGH",
                                                                                 "description": "Model time high bits in hundredth of a second",
                                                                                        "mask": 65535,
                                                                                   "max_value": 65535,
                                                                                    "shift_by": 0,
                                                                                      "suffix": "",
                                                                                        "type": "integer"
                                                           } ]
                                       },
                     "TIME_MODEL_LOW": {
                                               "category": "Time",
                                           "control_type": "metadata",
                                            "description": "Model time low bits in hundredth of a second",
                                             "identifier": "TIME_MODEL_LOW",
                                                 "inputs": [  ],
                                                "outputs": [ {
                                                                                     "address": 1100,
                                                                          "address_identifier": "CommonData_TIME_MODEL_LOW_A",
                                                               "address_mask_shift_identifier": "CommonData_TIME_MODEL_LOW",
                                                                                 "description": "Model time low bits in hundredth of a second",
                                                                                        "mask": 65535,
                                                                                   "max_value": 65535,
                                                                                    "shift_by": 0,
                                                                                      "suffix": "",
                                                                                        "type": "integer"
                                                           } ]
                                       },
                    "TIME_START_HIGH": {
                                               "category": "Time",
                                           "control_type": "metadata",
                                            "description": "Start time high bits in seconds",
                                             "identifier": "TIME_START_HIGH",
                                                 "inputs": [  ],
                                                "outputs": [ {
                                                                                     "address": 1094,
                                                                          "address_identifier": "CommonData_TIME_START_HIGH_A",
                                                               "address_mask_shift_identifier": "CommonData_TIME_START_HIGH",
                                                                                 "description": "Start time high bits in seconds",
                                                                                        "mask": 65535,
                                                                                   "max_value": 65535,
                                                                                    "shift_by": 0,
                                                                                      "suffix": "",
                                                                                        "type": "integer"
                                                           } ]
                                       },
                     "TIME_START_LOW": {
                                               "category": "Time",
                                           "control_type": "metadata",
                                            "description": "Start time low bits in seconds",
                                             "identifier": "TIME_START_LOW",
                                                 "inputs": [  ],
                                                "outputs": [ {
                                                                                     "address": 1096,
                                                                          "address_identifier": "CommonData_TIME_START_LOW_A",
                                                               "address_mask_shift_identifier": "CommonData_TIME_START_LOW",
                                                                                 "description": "Start time low bits in seconds",
                                                                                        "mask": 65535,
                                                                                   "max_value": 65535,
                                                                                    "shift_by": 0,
                                                                                      "suffix": "",
                                                                                        "type": "integer"
                                                           } ]
                                       }
                }
}