{
    "Metadata": {
                    "_ACFT_NAME": {
                                          "category": "Metadata",
                                      "control_type": "display",
                                       "description": "Aircraft Name (or NONE), null-terminated",
                                        "identifier": "_ACFT_NAME",
                                            "inputs": [  ],
                                           "outputs": [ {
                                                                     "address": 0,
                                                          "address_identifier": "MetadataStart_ACFT_NAME_A",
                                                                 "description": "Aircraft Name (or NONE), null-terminated",
                                                                  "max_length": 24,
                                                                      "suffix": "",
                                                                        "type": "string"
                                                      } ]
                                  }
                }
}